Serhii,Tkachenko,bobross@example.com,39,Odesa
Viktor,Oliynyk,peter.quill@example.com,28,Lviv
Yaroslav,Cherniak,valkyrie@example.com,58,Lviv
Volodymyr,Tkachenko,bucky.barnes@example.com,40,Lviv
Yana,Protsyk,steve.rogers@example.com,33,Lviv
Bohdan,Yakovenko,bobross@example.com,54,Odesa
Yevhen,Cherniak,pom.klementieff@example.com,31,Kyiv
Yaroslav,Pavliuk,tonystark@example.com,29,Kyiv
Serhii,Zelenko,elizabeth.olsen@example.com,27,Lviv
Olena,Zelenko,vin.diesel@example.com,25,Odesa
Sofiia,Zhyvotovskyi,wanda.maximoff@example.com,54,Lviv
Yana,Shcherbak,bradley.cooper@example.com,56,Lviv
Valentyn,Tyshchenko,bruce.banner@example.com,38,Odesa
Zoryana,Petrenko,amy.wong@example.com,34,Odesa
Pavlo,Havryliuk,rocket.raccoon@example.com,42,Odesa
Zinoviy,Holovko,mantis@example.com,41,Kyiv
Larysa,Holovko,peter.parker@example.com,30,Odesa
Khrystyna,Boiko,chris.pratt@example.com,51,Odesa
Ivan,Holovko,rocket.raccoon@example.com,19,Lviv
Denys,Kovalenko,bucky.barnes@example.com,54,Kyiv
Larysa,Melnik,mantis@example.com,34,Odesa
Bohdan,Pavliuk,tonystark@example.com,50,Lviv
Vasyl,Havryliuk,tchalla@example.com,41,Lviv
Anastasia,Lysenko,alexsmith@example.com,58,Odesa
Iryna,Havryliuk,natasha.romanoff@example.com,29,Lviv
Iryna,Havryliuk,tonystark@example.com,46,Kyiv
Bohdanna,Andrusiak,karen.gillan@example.com,47,Lviv
Nadiya,Lysenko,drax@example.com,18,Odesa
Viktor,Andrusiak,tonystark@example.com,56,Odesa
Zakhar,Andrusiak,peter.parker@example.com,41,Lviv
Viktor,Pavliuk,gamora@example.com,27,Lviv
Anastasia,Oliynyk,tchalla@example.com,21,Odesa
Sofiia,Yakovenko,nebula@example.com,46,Odesa
Yana,Horishny,chadwick.boseman@example.com,43,Kyiv
Nataliia,Lysenko,vision@example.com,40,Odesa
Larysa,Zhyvotovskyi,bucky.barnes@example.com,60,Odesa
Valeriy,Pavliuk,bellamy.blake@example.com,21,Lviv
Kateryna,Kovalenko,chris.evans@example.com,25,Lviv
Yaroslav,Shcherbak,scarlet.johansson@example.com,28,Kyiv
Zoryana,Lysenko,loki@example.com,22,Lviv
Nadiya,Kuznietsov,sam.wilson@example.com,37,Lviv
Liliya,Savchuk,vision@example.com,28,Lviv
Mariia,Kovalenko,peter.parker@example.com,36,Odesa
Svitlana,Horishny,sam.wilson@example.com,28,Odesa
Bohdanna,Bilous,groot@example.com,39,Lviv
Larysa,Melnik,tonystark@example.com,51,Odesa
Yuliya,Melnik,bruce.banner@example.com,30,Lviv
Marko,Kryvda,mark.ruffalo@example.com,47,Kyiv
Tetiana,Horishny,gamora@example.com,60,Kyiv
Yana,Vasylchenko,jane.doe@example.com,57,Lviv
Zoryana,Shcherbak,nebula@example.com,59,Odesa
Maksym,Kuznietsov,groot@example.com,55,Kyiv
Volodymyr,Lysenko,clint.barton@example.com,45,Lviv
Maksymilian,Havryliuk,loki@example.com,21,Odesa
Larysa,Melnik,pom.klementieff@example.com,50,Kyiv
Stanislav,Boiko,scarlet.johansson@example.com,25,Lviv
Olena,Bilous,jane.doe@example.com,31,Odesa
Iryna,Dubovyi,philip.fry@example.com,43,Odesa
Sofiia,Petrenko,tessa.thompson@example.com,49,Odesa
Lesia,Horishny,pom.klementieff@example.com,59,Odesa
Uliana,Tkachenko,vision@example.com,45,Lviv
Petro,Fedorchuk,vin.diesel@example.com,48,Odesa
Iryna,Tkachenko,clint.barton@example.com,35,Odesa
Mariia,Boiko,alexsmith@example.com,34,Odesa
Nadiya,Oliynyk,peter.parker@example.com,58,Kyiv
Valentyn,Shcherbak,tom.holland@example.com,55,Lviv
Viktor,Kuznietsov,mark.ruffalo@example.com,24,Kyiv
Stanislav,Rudenko,john.connor@example.com,18,Odesa
Daria,Oliynyk,gamora.zoe@example.com,56,Odesa
Petro,Danko,clint.barton@example.com,32,Lviv
Bohdan,Andrusiak,gamora@example.com,45,Lviv
Mariia,Shcherbak,thor.odinson@example.com,44,Odesa
Uliana,Kuznietsov,tom.hiddleston@example.com,19,Lviv
Viktor,Tkachenko,tom.hiddleston@example.com,21,Odesa
Maksym,Andrusiak,groot@example.com,39,Odesa
Oleh,Ivanchenko,philip.fry@example.com,39,Lviv
Maksymilian,Kuznietsov,clint.barton@example.com,25,Kyiv
Ivan,Vasylchenko,peter.quill@example.com,34,Odesa
Lesia,Kryvda,clarke.griffin@example.com,53,Lviv
Iryna,Havryliuk,bobross@example.com,19,Odesa
Stanislav,Danko,natasha.romanoff@example.com,46,Lviv
Nataliia,Fedorchuk,pom.klementieff@example.com,23,Lviv
Larysa,Shcherbak,groot@example.com,41,Odesa
Pavlo,Fedorchuk,tonystark@example.com,29,Odesa
Volodymyr,Melnik,peter.parker@example.com,21,Kyiv
Anastasia,Oliynyk,tom.holland@example.com,50,Lviv
Valentyn,Mykytiuk,peter.parker@example.com,45,Odesa
Roksolana,Kovalenko,chris.hemsworth@example.com,56,Kyiv
Bohdan,Rudenko,bucky.barnes@example.com,24,Lviv
Volodymyr,Sokolov,vin.diesel@example.com,52,Lviv
Roksolana,Sokolov,wanda.maximoff@example.com,34,Odesa
Nadiya,Bilous,peter.parker@example.com,52,Lviv
Bohdanna,Fedorchuk,johndoe@example.com,41,Lviv
Oksana,Bilous,johndoe@example.com,39,Odesa
Petro,Bilous,jeremy.renner@example.com,42,Lviv
Nadiya,Protsyk,bellamy.blake@example.com,52,Lviv
Roksolana,Protsyk,bruce.banner@example.com,36,Kyiv
Viktor,Savchuk,scarlet.johansson@example.com,44,Lviv
Oleh,Vasylchenko,bruce.banner@example.com,39,Odesa
Valentyn,Petrenko,sebastian.stan@example.com,38,Kyiv
Petro,Andrusiak,dave.bautista@example.com,38,Kyiv
Bohdanna,Rudenko,rocket.raccoon@example.com,31,Lviv
Valentyn,Shcherbak,nebula@example.com,52,Kyiv
Valentyn,Pavliuk,alexsmith@example.com,57,Kyiv
Marko,Kuznietsov,steve.rogers@example.com,40,Kyiv
Stanislav,Tyshchenko,jane.doe@example.com,38,Kyiv
Serhii,Shcherbak,wanda.maximoff@example.com,48,Odesa
Veronika,Andrusiak,mantis@example.com,39,Lviv
Zakhar,Protsyk,sam.wilson@example.com,35,Odesa
Olena,Lysenko,mantis@example.com,34,Lviv
Pavlo,Shcherbak,peter.quill@example.com,41,Odesa
Kateryna,Rudenko,sebastian.stan@example.com,22,Kyiv
Valentyn,Dubovyi,valkyrie@example.com,50,Kyiv
Nadiya,Fedorchuk,loki@example.com,39,Kyiv
Khrystyna,Rudenko,dave.bautista@example.com,57,Lviv
Serhii,Havryliuk,clarke.griffin@example.com,27,Kyiv
Denys,Shcherbak,drax@example.com,43,Lviv
Zinoviy,Bilous,chris.pratt@example.com,45,Odesa
Kateryna,Oliynyk,mantis@example.com,23,Kyiv
Mariia,Zhyvotovskyi,elizabeth.olsen@example.com,38,Odesa
Nadiya,Zhyvotovskyi,bucky.barnes@example.com,49,Lviv
Nadiya,Fedorchuk,pom.klementieff@example.com,54,Kyiv
Yevhen,Protsyk,loki@example.com,46,Kyiv
Iryna,Pavliuk,natasha.romanoff@example.com,41,Odesa
Petro,Shcherbak,gamora.zoe@example.com,31,Kyiv
Roksolana,Rudenko,johndoe@example.com,23,Kyiv
Veronika,Mykytiuk,chris.pratt@example.com,42,Odesa
Maksym,Boiko,jane.doe@example.com,30,Lviv
Svitlana,Fedorchuk,drax@example.com,39,Lviv
Lesia,Rudenko,bellamy.blake@example.com,20,Lviv
Yaroslav,Tyshchenko,mark.ruffalo@example.com,28,Odesa
Marko,Kuznietsov,scarlet.johansson@example.com,59,Odesa
Uliana,Shcherbak,loki@example.com,51,Lviv
Vasyl,Kryvda,nebula@example.com,51,Kyiv
Khrystyna,Pavliuk,chris.pratt@example.com,28,Lviv
Serhii,Lysenko,philip.fry@example.com,27,Lviv
Mykola,Boiko,alexsmith@example.com,34,Kyiv
Vasyl,Bilous,tom.hiddleston@example.com,28,Odesa
Vasyl,Shcherbak,bucky.barnes@example.com,21,Lviv
Iryna,Horishny,thor.odinson@example.com,33,Kyiv
Nadiya,Zhyvotovskyi,elizabeth.olsen@example.com,40,Odesa
Iryna,Andrusiak,bobross@example.com,43,Lviv
Kateryna,Zelenko,john.connor@example.com,33,Odesa
Zoryana,Ivanchenko,john.connor@example.com,57,Odesa
Stanislav,Tkachenko,bucky.barnes@example.com,57,Odesa
Zoryana,Cherniak,sarah.connor@example.com,33,Kyiv
Zoryana,Melnik,mantis@example.com,48,Kyiv
Bohdan,Kryvda,valkyrie@example.com,38,Kyiv
Mykola,Dubovyi,scarlet.johansson@example.com,59,Lviv
Anastasia,Pavliuk,sarah.connor@example.com,56,Kyiv
Serhii,Cherniak,wanda.maximoff@example.com,39,Lviv
Valeriy,Cherniak,sebastian.stan@example.com,57,Lviv
Iryna,Havryliuk,amy.wong@example.com,46,Odesa
Iryna,Ivanchenko,alexsmith@example.com,33,Odesa
Serhii,Ivanchenko,chris.evans@example.com,49,Odesa
Valentyn,Bilous,jane.doe@example.com,23,Lviv
Yevhen,Danko,philip.fry@example.com,21,Odesa
Mykola,Lysenko,scarlet.johansson@example.com,46,Lviv
Mykola,Tkachenko,clarke.griffin@example.com,53,Kyiv
Serhii,Shcherbak,thor.odinson@example.com,45,Kyiv
Liliya,Pavliuk,chadwick.boseman@example.com,60,Kyiv
Denys,Danko,nebula@example.com,25,Odesa
Stanislav,Zhyvotovskyi,rocket.raccoon@example.com,24,Odesa
Pavlo,Pavliuk,scarlet.johansson@example.com,21,Lviv
Nataliia,Havryliuk,bobross@example.com,49,Kyiv
Yevhen,Lysenko,bellamy.blake@example.com,42,Lviv
Roksolana,Dubovyi,bradley.cooper@example.com,37,Odesa
Tetiana,Lysenko,mark.ruffalo@example.com,22,Kyiv
Uliana,Cherniak,peter.parker@example.com,27,Lviv
Yaroslav,Yakovenko,clint.barton@example.com,35,Odesa
Larysa,Holovko,clint.barton@example.com,31,Lviv
Ivan,Horishny,gamora@example.com,55,Odesa
Taras,Melnik,johndoe@example.com,24,Kyiv
Ihor,Kuznietsov,valkyrie@example.com,28,Lviv
Khrystyna,Danko,robert.downey@example.com,31,Kyiv
Yuliya,Zelenko,tom.hiddleston@example.com,46,Lviv
Valentyn,Cherniak,chris.hemsworth@example.com,60,Lviv
Yuliya,Holovko,vision@example.com,54,Lviv
Iryna,Fedorchuk,drax@example.com,48,Kyiv
Taras,Kuznietsov,scarlet.johansson@example.com,36,Odesa
Zakhar,Havryliuk,mantis@example.com,23,Lviv
Nadiya,Fedorchuk,tonystark@example.com,47,Lviv
Petro,Petrenko,dave.bautista@example.com,20,Kyiv
Maksym,Danko,john.connor@example.com,20,Lviv
Kateryna,Rudenko,bucky.barnes@example.com,49,Kyiv
Denys,Fedorchuk,wanda.maximoff@example.com,50,Kyiv
Vasyl,Shcherbak,scarlet.johansson@example.com,47,Odesa
Valentyn,Zhyvotovskyi,tom.hiddleston@example.com,56,Odesa
Yevhen,Zhyvotovskyi,rocket.raccoon@example.com,29,Odesa
Daria,Oliynyk,tom.hiddleston@example.com,40,Kyiv
Serhii,Kuznietsov,gamora.zoe@example.com,49,Odesa
Oleh,Melnik,jeremy.renner@example.com,55,Odesa
Mykola,Boiko,pom.klementieff@example.com,30,Lviv
Svitlana,Kovalenko,dave.bautista@example.com,55,Kyiv
Serhii,Tyshchenko,chris.hemsworth@example.com,28,Kyiv
Stanislav,Pavliuk,sam.wilson@example.com,24,Lviv
Yana,Fedorchuk,thor.odinson@example.com,49,Kyiv
Veronika,Andrusiak,wanda.maximoff@example.com,25,Odesa
Vasyl,Oliynyk,chris.hemsworth@example.com,30,Odesa
Stanislav,Tyshchenko,gamora@example.com,35,Kyiv
Oleh,Oliynyk,wanda.maximoff@example.com,27,Lviv
Bohdan,Tkachenko,karen.gillan@example.com,55,Odesa
Lesia,Sokolov,drax@example.com,27,Kyiv
Larysa,Holovko,peter.parker@example.com,25,Kyiv
Oleh,Tkachenko,jane.doe@example.com,18,Lviv
Pavlo,Vasylchenko,bruce.banner@example.com,58,Lviv
Yaroslav,Fedorchuk,mark.ruffalo@example.com,42,Kyiv
Liliya,Oliynyk,scarlet.johansson@example.com,47,Kyiv
Lesia,Tkachenko,scarlet.johansson@example.com,34,Odesa
Zakhar,Oliynyk,peter.parker@example.com,35,Odesa
Svitlana,Fedorchuk,chris.hemsworth@example.com,42,Lviv
Yaroslav,Sokolov,johndoe@example.com,25,Kyiv
Bohdan,Shcherbak,chris.pratt@example.com,41,Odesa
Mariia,Havryliuk,gamora@example.com,27,Odesa
Iryna,Horishny,natasha.romanoff@example.com,43,Lviv
Zoryana,Kryvda,vin.diesel@example.com,18,Lviv
Nadiya,Lysenko,karen.gillan@example.com,23,Lviv
Iryna,Zelenko,chris.hemsworth@example.com,19,Lviv
Stanislav,Lysenko,sebastian.stan@example.com,42,Odesa
Nataliia,Melnik,tom.hiddleston@example.com,18,Lviv
Oksana,Boiko,bobross@example.com,51,Lviv
Nadiya,Kovalenko,vin.diesel@example.com,24,Lviv
Valeriy,Zelenko,gamora.zoe@example.com,51,Odesa
Stanislav,Zelenko,valkyrie@example.com,57,Kyiv
Roman,Zhyvotovskyi,amy.wong@example.com,23,Lviv
Maksym,Horishny,dave.bautista@example.com,55,Kyiv
Petro,Protsyk,elizabeth.olsen@example.com,25,Kyiv
Ihor,Oliynyk,philip.fry@example.com,39,Lviv
Yuliya,Zelenko,vision@example.com,26,Odesa
Viktor,Holovko,clint.barton@example.com,31,Lviv
Maksymilian,Melnik,bellamy.blake@example.com,44,Odesa
Kateryna,Kryvda,karen.gillan@example.com,40,Kyiv
Marko,Sokolov,clarke.griffin@example.com,39,Kyiv
Svitlana,Danko,gamora.zoe@example.com,27,Odesa
Liliya,Tkachenko,tessa.thompson@example.com,32,Odesa
Daria,Shcherbak,elizabeth.olsen@example.com,60,Odesa
Anastasia,Tkachenko,mantis@example.com,34,Lviv
Zoryana,Sokolov,clarke.griffin@example.com,49,Kyiv
Marko,Fedorchuk,mark.ruffalo@example.com,42,Odesa
Svitlana,Andrusiak,bobross@example.com,36,Odesa
Veronika,Mykytiuk,nebula@example.com,31,Kyiv
Oleh,Shcherbak,tchalla@example.com,29,Odesa
Ihor,Sokolov,groot@example.com,42,Lviv
Iryna,Havryliuk,thor.odinson@example.com,59,Kyiv
Vasyl,Bilous,chris.evans@example.com,52,Odesa
Zakhar,Pavliuk,bellamy.blake@example.com,57,Odesa
Zoryana,Holovko,jeremy.renner@example.com,27,Lviv
Yaroslav,Boiko,wanda.maximoff@example.com,22,Kyiv
Nadiya,Tyshchenko,vin.diesel@example.com,46,Lviv
Sofiia,Kuznietsov,tom.hiddleston@example.com,36,Lviv
Daria,Ivanchenko,thor.odinson@example.com,42,Lviv
Ivan,Danko,alexsmith@example.com,23,Lviv
Stanislav,Kuznietsov,peter.quill@example.com,41,Odesa
Kateryna,Ivanchenko,jane.doe@example.com,51,Kyiv
Tetiana,Lysenko,pom.klementieff@example.com,18,Kyiv
Oleh,Boiko,alexsmith@example.com,48,Odesa
Kyrylo,Andrusiak,tom.holland@example.com,43,Lviv
Roman,Cherniak,tom.holland@example.com,20,Lviv
Viktor,Dubovyi,karen.gillan@example.com,42,Kyiv
Petro,Bilous,karen.gillan@example.com,58,Odesa
Zinoviy,Melnik,rocket.raccoon@example.com,40,Lviv
Iryna,Zelenko,mantis@example.com,30,Odesa
Daria,Oliynyk,rocket.raccoon@example.com,19,Kyiv
Sofiia,Melnik,clint.barton@example.com,20,Odesa
Kateryna,Mykytiuk,sebastian.stan@example.com,21,Lviv
Lesia,Andrusiak,gamora@example.com,33,Kyiv
Bohdan,Protsyk,rocket.raccoon@example.com,56,Lviv
Iryna,Protsyk,nebula@example.com,27,Kyiv
Maksym,Ivanchenko,scarlet.johansson@example.com,52,Kyiv
Svitlana,Lysenko,sebastian.stan@example.com,47,Lviv
Svitlana,Tyshchenko,gamora.zoe@example.com,48,Lviv
Daria,Havryliuk,chris.pratt@example.com,33,Kyiv
Yevhen,Savchuk,rocket.raccoon@example.com,31,Kyiv
Anastasia,Zelenko,nebula@example.com,18,Odesa
Valentyn,Bilous,chris.evans@example.com,30,Kyiv
Oksana,Petrenko,clarke.griffin@example.com,27,Kyiv
Marko,Danko,tonystark@example.com,33,Lviv
Serhii,Zelenko,thor.odinson@example.com,32,Lviv
Marko,Holovko,gamora.zoe@example.com,29,Kyiv
Tetiana,Protsyk,bruce.banner@example.com,51,Odesa
Ihor,Fedorchuk,steve.rogers@example.com,36,Kyiv
Bohdanna,Dubovyi,valkyrie@example.com,25,Odesa
Pavlo,Protsyk,chris.evans@example.com,18,Odesa
Oksana,Melnik,groot@example.com,54,Lviv
Bohdanna,Dubovyi,sam.wilson@example.com,48,Kyiv
Roman,Dubovyi,wanda.maximoff@example.com,27,Lviv
Oksana,Oliynyk,bellamy.blake@example.com,49,Lviv
Zakhar,Bilous,valkyrie@example.com,20,Kyiv
Lesia,Sokolov,elizabeth.olsen@example.com,41,Odesa
Vasyl,Fedorchuk,alexsmith@example.com,29,Kyiv
Nataliia,Dubovyi,jane.doe@example.com,50,Odesa
Lesia,Havryliuk,peter.parker@example.com,51,Kyiv
Roman,Rudenko,chris.hemsworth@example.com,53,Odesa
Oleh,Fedorchuk,vin.diesel@example.com,18,Lviv
Volodymyr,Danko,clarke.griffin@example.com,24,Odesa
Stanislav,Kovalenko,wanda.maximoff@example.com,45,Lviv
Mariia,Kovalenko,loki@example.com,51,Lviv
Yevhen,Cherniak,elizabeth.olsen@example.com,29,Kyiv
Anastasia,Tyshchenko,bucky.barnes@example.com,35,Lviv
Stanislav,Petrenko,chris.evans@example.com,55,Lviv
Andriy,Sokolov,drax@example.com,51,Kyiv
Bohdanna,Holovko,vin.diesel@example.com,49,Kyiv
Khrystyna,Lysenko,vin.diesel@example.com,57,Kyiv
Volodymyr,Oliynyk,peter.quill@example.com,24,Kyiv
Ivan,Tkachenko,nebula@example.com,56,Odesa
Yana,Vasylchenko,karen.gillan@example.com,60,Lviv
Daria,Fedorchuk,pom.klementieff@example.com,29,Odesa
Bohdanna,Fedorchuk,jane.doe@example.com,19,Lviv
Veronika,Lysenko,sebastian.stan@example.com,39,Lviv
Bohdanna,Horishny,bruce.banner@example.com,51,Kyiv
Anastasia,Holovko,bucky.barnes@example.com,40,Lviv
Yana,Bilous,johndoe@example.com,32,Lviv
Oksana,Kryvda,bruce.banner@example.com,53,Odesa
Andriy,Pavliuk,tchalla@example.com,48,Odesa
Roman,Boiko,alexsmith@example.com,18,Odesa
Kateryna,Bilous,tessa.thompson@example.com,24,Kyiv
Ivan,Havryliuk,peter.parker@example.com,51,Kyiv
Taras,Pavliuk,tonystark@example.com,57,Odesa
Petro,Holovko,nebula@example.com,31,Kyiv
Zoryana,Danko,philip.fry@example.com,20,Kyiv
Zinoviy,Fedorchuk,elizabeth.olsen@example.com,46,Lviv
Pavlo,Andrusiak,vision@example.com,55,Kyiv
Bohdanna,Cherniak,natasha.romanoff@example.com,21,Odesa
Valentyn,Horishny,tom.holland@example.com,20,Lviv
Stanislav,Protsyk,sarah.connor@example.com,54,Lviv
Zoryana,Bilous,karen.gillan@example.com,34,Lviv
Ihor,Protsyk,valkyrie@example.com,56,Odesa
Zoryana,Lysenko,wanda.maximoff@example.com,50,Lviv
Tetiana,Mykytiuk,chadwick.boseman@example.com,44,Kyiv
Olena,Kovalenko,bradley.cooper@example.com,54,Kyiv
Bohdan,Pavliuk,peter.parker@example.com,28,Kyiv
Svitlana,Tkachenko,sam.wilson@example.com,60,Odesa
Nadiya,Shcherbak,thor.odinson@example.com,20,Odesa
Anastasia,Shcherbak,gamora@example.com,52,Odesa
Zoryana,Tyshchenko,amy.wong@example.com,37,Lviv
Iryna,Pavliuk,rocket.raccoon@example.com,46,Odesa
Veronika,Bilous,tessa.thompson@example.com,30,Odesa
Svitlana,Shcherbak,sam.wilson@example.com,58,Lviv
Mykola,Kovalenko,tessa.thompson@example.com,54,Odesa
Lesia,Oliynyk,chris.evans@example.com,49,Kyiv
Olena,Havryliuk,clarke.griffin@example.com,56,Kyiv
Khrystyna,Kuznietsov,gamora.zoe@example.com,22,Odesa
Iryna,Zelenko,robert.downey@example.com,47,Lviv
Nataliia,Oliynyk,bradley.cooper@example.com,46,Kyiv
Yuliya,Lysenko,alexsmith@example.com,49,Lviv
Larysa,Fedorchuk,vision@example.com,50,Lviv
Petro,Kuznietsov,sam.wilson@example.com,56,Lviv
Zinoviy,Oliynyk,clint.barton@example.com,24,Odesa
Ivan,Vasylchenko,pom.klementieff@example.com,60,Odesa
Taras,Bilous,bellamy.blake@example.com,28,Lviv
Andriy,Savchuk,karen.gillan@example.com,53,Lviv
Nadiya,Pavliuk,groot@example.com,29,Kyiv
Maksymilian,Oliynyk,clarke.griffin@example.com,48,Lviv
Maksym,Kryvda,clint.barton@example.com,58,Kyiv
Uliana,Mykytiuk,jane.doe@example.com,20,Lviv
Svitlana,Danko,loki@example.com,50,Kyiv
Yevhen,Fedorchuk,valkyrie@example.com,56,Odesa
Mykola,Vasylchenko,loki@example.com,59,Lviv
Iryna,Pavliuk,sarah.connor@example.com,36,Kyiv
Denys,Holovko,pom.klementieff@example.com,55,Lviv
Mariia,Zelenko,bucky.barnes@example.com,20,Odesa
Maksymilian,Melnik,vin.diesel@example.com,36,Odesa
Nataliia,Protsyk,chris.pratt@example.com,55,Kyiv
Roman,Zhyvotovskyi,elizabeth.olsen@example.com,46,Odesa
Valentyn,Kryvda,dave.bautista@example.com,56,Lviv
Veronika,Rudenko,philip.fry@example.com,50,Odesa
Oksana,Boiko,tchalla@example.com,21,Lviv
Bohdan,Oliynyk,groot@example.com,30,Kyiv
Bohdan,Kuznietsov,sebastian.stan@example.com,56,Kyiv
Larysa,Lysenko,rocket.raccoon@example.com,56,Lviv
Ivan,Protsyk,vin.diesel@example.com,53,Lviv
Ivan,Savchuk,tom.hiddleston@example.com,21,Odesa
Uliana,Zhyvotovskyi,vin.diesel@example.com,47,Kyiv
Svitlana,Oliynyk,clint.barton@example.com,58,Odesa
Kateryna,Protsyk,gamora@example.com,36,Kyiv
Zakhar,Pavliuk,mantis@example.com,53,Kyiv
Tetiana,Ivanchenko,steve.rogers@example.com,18,Lviv
Mariia,Tyshchenko,vision@example.com,46,Lviv
Kateryna,Bilous,sam.wilson@example.com,58,Odesa
Bohdan,Vasylchenko,bruce.banner@example.com,32,Odesa
Daria,Cherniak,robert.downey@example.com,51,Kyiv
Yana,Shcherbak,peter.quill@example.com,25,Kyiv
Kyrylo,Ivanchenko,clint.barton@example.com,44,Kyiv
Mariia,Kovalenko,valkyrie@example.com,47,Odesa
Andriy,Zelenko,scarlet.johansson@example.com,37,Kyiv
Stanislav,Savchuk,sam.wilson@example.com,28,Kyiv
Uliana,Dubovyi,gamora@example.com,49,Kyiv
Veronika,Cherniak,bruce.banner@example.com,58,Odesa
Valentyn,Mykytiuk,john.connor@example.com,18,Kyiv
Zinoviy,Andrusiak,rocket.raccoon@example.com,22,Odesa
Zakhar,Bilous,tom.holland@example.com,35,Kyiv
Andriy,Melnik,peter.quill@example.com,54,Kyiv
Bohdan,Oliynyk,chris.evans@example.com,54,Lviv
Stanislav,Holovko,scarlet.johansson@example.com,23,Lviv
Petro,Lysenko,mantis@example.com,42,Lviv
Ihor,Kryvda,sam.wilson@example.com,47,Odesa
Zoryana,Bilous,pom.klementieff@example.com,28,Kyiv
Nataliia,Cherniak,tom.hiddleston@example.com,28,Odesa
Kateryna,Oliynyk,robert.downey@example.com,29,Lviv
Anastasia,Horishny,peter.quill@example.com,31,Odesa
Zoryana,Holovko,groot@example.com,59,Lviv
Maksymilian,Shcherbak,bucky.barnes@example.com,49,Kyiv
Valentyn,Oliynyk,karen.gillan@example.com,32,Kyiv
Yuliya,Kuznietsov,tom.holland@example.com,32,Odesa
Kateryna,Kuznietsov,alexsmith@example.com,20,Odesa
Roksolana,Zhyvotovskyi,elizabeth.olsen@example.com,52,Kyiv
Khrystyna,Oliynyk,karen.gillan@example.com,18,Odesa
Petro,Protsyk,peter.quill@example.com,21,Kyiv
Olena,Tkachenko,loki@example.com,46,Odesa
Oleh,Rudenko,mantis@example.com,32,Odesa
Nataliia,Tkachenko,john.connor@example.com,50,Kyiv
Yevhen,Boiko,scarlet.johansson@example.com,57,Odesa
Mykola,Petrenko,scarlet.johansson@example.com,31,Lviv
Iryna,Lysenko,vin.diesel@example.com,23,Lviv
Petro,Tkachenko,wanda.maximoff@example.com,58,Lviv
Roksolana,Savchuk,sam.wilson@example.com,20,Kyiv
Denys,Mykytiuk,alexsmith@example.com,33,Kyiv
Tetiana,Melnik,clint.barton@example.com,24,Kyiv
Olena,Kuznietsov,peter.quill@example.com,52,Odesa
Uliana,Oliynyk,mark.ruffalo@example.com,50,Odesa
Serhii,Melnik,vin.diesel@example.com,43,Lviv
Svitlana,Zhyvotovskyi,alexsmith@example.com,25,Odesa
Pavlo,Pavliuk,chris.pratt@example.com,57,Kyiv
Lesia,Bilous,chris.pratt@example.com,53,Lviv
Yaroslav,Kryvda,jane.doe@example.com,18,Lviv
Zakhar,Melnik,sarah.connor@example.com,30,Odesa
Iryna,Vasylchenko,clarke.griffin@example.com,45,Lviv
Pavlo,Zhyvotovskyi,clint.barton@example.com,33,Odesa
Roman,Zelenko,scarlet.johansson@example.com,26,Kyiv
Denys,Bilous,tom.hiddleston@example.com,38,Odesa
Zoryana,Kovalenko,clarke.griffin@example.com,30,Kyiv
Oleh,Oliynyk,bradley.cooper@example.com,28,Lviv
Mariia,Danko,jeremy.renner@example.com,48,Kyiv
Liliya,Oliynyk,bruce.banner@example.com,18,Kyiv
Petro,Danko,wanda.maximoff@example.com,31,Odesa
Valentyn,Oliynyk,chris.hemsworth@example.com,58,Odesa
Pavlo,Oliynyk,sebastian.stan@example.com,44,Kyiv
Valeriy,Petrenko,pom.klementieff@example.com,46,Kyiv
Denys,Ivanchenko,sam.wilson@example.com,36,Lviv
Liliya,Kovalenko,clarke.griffin@example.com,47,Kyiv
Ihor,Rudenko,steve.rogers@example.com,42,Lviv
Yevhen,Cherniak,mark.ruffalo@example.com,57,Lviv
Daria,Ivanchenko,peter.parker@example.com,45,Kyiv
Viktor,Bilous,chris.pratt@example.com,59,Kyiv
Iryna,Cherniak,natasha.romanoff@example.com,49,Odesa
Kyrylo,Zhyvotovskyi,peter.quill@example.com,32,Kyiv
Viktor,Oliynyk,tessa.thompson@example.com,59,Odesa
Denys,Savchuk,valkyrie@example.com,36,Kyiv
Yevhen,Savchuk,mark.ruffalo@example.com,25,Lviv
Ivan,Yakovenko,tom.hiddleston@example.com,57,Lviv
Bohdanna,Horishny,bucky.barnes@example.com,20,Odesa
Yevhen,Danko,mantis@example.com,19,Odesa
Oleh,Fedorchuk,alexsmith@example.com,31,Lviv
Lesia,Kuznietsov,peter.parker@example.com,27,Lviv
Maksym,Tkachenko,mark.ruffalo@example.com,34,Kyiv
Svitlana,Oliynyk,valkyrie@example.com,39,Kyiv
Liliya,Savchuk,tessa.thompson@example.com,33,Lviv
Zinoviy,Dubovyi,mark.ruffalo@example.com,59,Odesa
Denys,Danko,dave.bautista@example.com,28,Kyiv
Bohdan,Cherniak,gamora@example.com,25,Lviv
Kateryna,Rudenko,bobross@example.com,27,Lviv
Nataliia,Zhyvotovskyi,sarah.connor@example.com,53,Lviv
Pavlo,Yakovenko,robert.downey@example.com,21,Lviv
Kateryna,Horishny,loki@example.com,33,Odesa
Denys,Ivanchenko,natasha.romanoff@example.com,20,Kyiv
Veronika,Oliynyk,tonystark@example.com,37,Odesa
Ivan,Shcherbak,philip.fry@example.com,58,Kyiv
Vasyl,Kryvda,clarke.griffin@example.com,34,Kyiv
Pavlo,Lysenko,chris.evans@example.com,34,Kyiv
Yana,Tyshchenko,john.connor@example.com,20,Odesa
Ivan,Melnik,tchalla@example.com,38,Kyiv
Roksolana,Vasylchenko,chadwick.boseman@example.com,29,Odesa
Khrystyna,Kuznietsov,groot@example.com,58,Kyiv
Viktor,Tkachenko,bradley.cooper@example.com,44,Odesa
Denys,Andrusiak,rocket.raccoon@example.com,58,Lviv
Mariia,Yakovenko,clint.barton@example.com,33,Lviv
Bohdanna,Protsyk,nebula@example.com,60,Odesa
Anastasia,Melnik,tom.holland@example.com,53,Lviv
Tetiana,Shcherbak,drax@example.com,28,Kyiv
Tetiana,Ivanchenko,tessa.thompson@example.com,29,Odesa
Mykola,Petrenko,chris.hemsworth@example.com,30,Kyiv
Khrystyna,Bilous,jeremy.renner@example.com,19,Lviv
Denys,Danko,tom.hiddleston@example.com,25,Lviv
Liliya,Shcherbak,sam.wilson@example.com,28,Lviv
Taras,Mykytiuk,peter.quill@example.com,49,Kyiv
Oleh,Pavliuk,thor.odinson@example.com,18,Kyiv
Oksana,Havryliuk,dave.bautista@example.com,18,Lviv
Khrystyna,Boiko,scarlet.johansson@example.com,25,Lviv
Nadiya,Ivanchenko,philip.fry@example.com,33,Odesa
Serhii,Dubovyi,tom.hiddleston@example.com,19,Odesa
Svitlana,Fedorchuk,valkyrie@example.com,52,Kyiv
Svitlana,Shcherbak,rocket.raccoon@example.com,50,Lviv
Nataliia,Tyshchenko,chris.pratt@example.com,37,Kyiv
Liliya,Kryvda,clint.barton@example.com,29,Odesa
Larysa,Lysenko,loki@example.com,41,Lviv
Petro,Savchuk,chris.hemsworth@example.com,28,Lviv
Volodymyr,Bilous,philip.fry@example.com,26,Odesa
Yevhen,Vasylchenko,valkyrie@example.com,56,Odesa
Nadiya,Bilous,sebastian.stan@example.com,58,Kyiv
Khrystyna,Tkachenko,wanda.maximoff@example.com,53,Kyiv
Veronika,Ivanchenko,peter.parker@example.com,43,Odesa
Anastasia,Horishny,steve.rogers@example.com,27,Odesa
Nataliia,Holovko,steve.rogers@example.com,22,Odesa
Khrystyna,Bilous,mantis@example.com,21,Kyiv
Yuliya,Shcherbak,nebula@example.com,25,Lviv
Valeriy,Andrusiak,tom.hiddleston@example.com,25,Odesa
Ihor,Sokolov,alexsmith@example.com,57,Kyiv
Nadiya,Vasylchenko,tchalla@example.com,31,Lviv
Valeriy,Bilous,thor.odinson@example.com,40,Lviv
Iryna,Zelenko,sam.wilson@example.com,27,Odesa
Svitlana,Mykytiuk,jane.doe@example.com,26,Kyiv
Liliya,Fedorchuk,drax@example.com,21,Odesa
Bohdanna,Rudenko,nebula@example.com,42,Lviv
Petro,Pavliuk,peter.quill@example.com,20,Kyiv
Roksolana,Bilous,jeremy.renner@example.com,22,Odesa
Valeriy,Ivanchenko,mark.ruffalo@example.com,43,Odesa
Yevhen,Andrusiak,chris.pratt@example.com,57,Odesa
Anastasia,Cherniak,sebastian.stan@example.com,29,Odesa
Maksymilian,Kryvda,dave.bautista@example.com,25,Odesa
Olena,Horishny,clarke.griffin@example.com,39,Odesa
Yevhen,Bilous,scarlet.johansson@example.com,36,Kyiv
Stanislav,Sokolov,chris.evans@example.com,26,Kyiv
Roman,Kovalenko,alexsmith@example.com,51,Kyiv
Mykola,Tyshchenko,valkyrie@example.com,31,Odesa
Yaroslav,Holovko,elizabeth.olsen@example.com,38,Lviv
Sofiia,Kuznietsov,philip.fry@example.com,45,Kyiv
Roman,Dubovyi,john.connor@example.com,47,Lviv
Iryna,Boiko,natasha.romanoff@example.com,20,Kyiv
Valeriy,Sokolov,tonystark@example.com,47,Kyiv
Bohdanna,Kovalenko,mantis@example.com,55,Lviv
Maksymilian,Pavliuk,chris.evans@example.com,58,Odesa
Zoryana,Kovalenko,vision@example.com,23,Odesa
Iryna,Kuznietsov,mark.ruffalo@example.com,23,Kyiv
Yuliya,Fedorchuk,gamora.zoe@example.com,37,Lviv
Larysa,Protsyk,mantis@example.com,58,Lviv
Olena,Kovalenko,tchalla@example.com,47,Lviv
Daria,Dubovyi,groot@example.com,42,Lviv
Zoryana,Mykytiuk,alexsmith@example.com,40,Odesa
Serhii,Dubovyi,clarke.griffin@example.com,34,Kyiv
Petro,Sokolov,jeremy.renner@example.com,29,Kyiv
Serhii,Lysenko,sarah.connor@example.com,55,Kyiv
Valentyn,Kovalenko,mantis@example.com,39,Lviv
Denys,Cherniak,loki@example.com,56,Odesa
Roman,Yakovenko,natasha.romanoff@example.com,54,Kyiv
Larysa,Tyshchenko,nebula@example.com,32,Odesa
Vasyl,Bilous,drax@example.com,58,Odesa
Liliya,Zelenko,john.connor@example.com,54,Odesa
Mariia,Rudenko,jeremy.renner@example.com,19,Lviv
Sofiia,Boiko,scarlet.johansson@example.com,42,Lviv
Yuliya,Ivanchenko,wanda.maximoff@example.com,40,Kyiv
Yuliya,Lysenko,steve.rogers@example.com,26,Odesa
Yevhen,Vasylchenko,bucky.barnes@example.com,46,Kyiv
Stanislav,Oliynyk,chris.hemsworth@example.com,53,Odesa
Tetiana,Shcherbak,philip.fry@example.com,51,Odesa
Larysa,Dubovyi,jane.doe@example.com,30,Odesa
Ihor,Ivanchenko,clarke.griffin@example.com,44,Odesa
Pavlo,Zelenko,alexsmith@example.com,42,Odesa
Pavlo,Horishny,dave.bautista@example.com,58,Lviv
Kateryna,Tkachenko,pom.klementieff@example.com,36,Kyiv
Svitlana,Holovko,thor.odinson@example.com,24,Odesa
Anastasia,Tkachenko,nebula@example.com,36,Lviv
Petro,Kryvda,vision@example.com,24,Lviv
Yevhen,Havryliuk,thor.odinson@example.com,58,Lviv
Tetiana,Shcherbak,groot@example.com,36,Odesa
Oksana,Rudenko,natasha.romanoff@example.com,28,Lviv
Larysa,Sokolov,peter.parker@example.com,50,Kyiv
Tetiana,Oliynyk,dave.bautista@example.com,49,Odesa
Sofiia,Oliynyk,tessa.thompson@example.com,40,Kyiv
Anastasia,Boiko,chris.hemsworth@example.com,21,Kyiv
Ivan,Zelenko,nebula@example.com,37,Kyiv
Iryna,Ivanchenko,valkyrie@example.com,21,Odesa
Kyrylo,Yakovenko,drax@example.com,57,Odesa
Nadiya,Boiko,amy.wong@example.com,59,Odesa
Volodymyr,Tkachenko,pom.klementieff@example.com,26,Lviv
Lesia,Kuznietsov,jeremy.renner@example.com,44,Kyiv
Valentyn,Kovalenko,gamora@example.com,56,Lviv
Bohdan,Tyshchenko,robert.downey@example.com,60,Lviv
Bohdan,Petrenko,clarke.griffin@example.com,36,Kyiv
Roksolana,Cherniak,chris.evans@example.com,52,Kyiv
Viktor,Pavliuk,chadwick.boseman@example.com,30,Lviv
Volodymyr,Tyshchenko,chris.hemsworth@example.com,30,Lviv
Volodymyr,Danko,clint.barton@example.com,37,Odesa
Ivan,Tkachenko,clint.barton@example.com,23,Kyiv
Khrystyna,Tyshchenko,peter.parker@example.com,50,Lviv
Nataliia,Petrenko,clarke.griffin@example.com,39,Kyiv
Stanislav,Rudenko,groot@example.com,49,Lviv
Zoryana,Savchuk,elizabeth.olsen@example.com,48,Kyiv
Yuliya,Zhyvotovskyi,jeremy.renner@example.com,50,Odesa
Ivan,Sokolov,scarlet.johansson@example.com,60,Lviv
Valentyn,Shcherbak,tonystark@example.com,39,Lviv
Kyrylo,Havryliuk,tchalla@example.com,28,Lviv
Petro,Kuznietsov,tom.hiddleston@example.com,29,Lviv
Taras,Rudenko,clint.barton@example.com,55,Kyiv
Nadiya,Vasylchenko,scarlet.johansson@example.com,35,Kyiv
Nadiya,Horishny,alexsmith@example.com,32,Lviv
Nataliia,Pavliuk,john.connor@example.com,29,Odesa
Olena,Danko,bruce.banner@example.com,31,Lviv
Roman,Fedorchuk,thor.odinson@example.com,58,Lviv
Kateryna,Ivanchenko,rocket.raccoon@example.com,57,Odesa
Yaroslav,Tyshchenko,drax@example.com,60,Kyiv
Oleh,Oliynyk,gamora.zoe@example.com,60,Lviv
Mykola,Zhyvotovskyi,jeremy.renner@example.com,46,Kyiv
Tetiana,Melnik,valkyrie@example.com,21,Kyiv
Ihor,Rudenko,clint.barton@example.com,55,Lviv
Taras,Boiko,tom.hiddleston@example.com,29,Lviv
Svitlana,Shcherbak,jeremy.renner@example.com,57,Odesa
Iryna,Oliynyk,jeremy.renner@example.com,26,Lviv
Vasyl,Shcherbak,rocket.raccoon@example.com,43,Kyiv
Vasyl,Yakovenko,clarke.griffin@example.com,30,Kyiv
Anastasia,Lysenko,gamora@example.com,54,Kyiv
Volodymyr,Savchuk,sam.wilson@example.com,38,Odesa
Oksana,Pavliuk,peter.quill@example.com,57,Odesa
Valentyn,Vasylchenko,chadwick.boseman@example.com,30,Lviv
Sofiia,Protsyk,bradley.cooper@example.com,19,Kyiv
Tetiana,Horishny,chris.evans@example.com,48,Odesa
Marko,Holovko,clint.barton@example.com,60,Kyiv
Serhii,Andrusiak,bucky.barnes@example.com,52,Odesa
Roksolana,Bilous,clint.barton@example.com,55,Lviv
Nadiya,Sokolov,vision@example.com,43,Kyiv
Svitlana,Savchuk,amy.wong@example.com,49,Kyiv
Oksana,Zhyvotovskyi,peter.quill@example.com,29,Odesa
Valentyn,Mykytiuk,peter.quill@example.com,43,Lviv
Oleh,Pavliuk,dave.bautista@example.com,48,Lviv
Larysa,Holovko,bellamy.blake@example.com,60,Lviv
Kateryna,Havryliuk,tom.holland@example.com,59,Kyiv
Vasyl,Oliynyk,bradley.cooper@example.com,58,Kyiv
Tetiana,Lysenko,chris.pratt@example.com,35,Lviv
Ihor,Bilous,bobross@example.com,22,Lviv
Bohdanna,Bilous,pom.klementieff@example.com,58,Odesa
Daria,Tkachenko,sarah.connor@example.com,29,Kyiv
Anastasia,Kuznietsov,jeremy.renner@example.com,31,Kyiv
Zakhar,Protsyk,rocket.raccoon@example.com,20,Lviv
Svitlana,Boiko,johndoe@example.com,42,Lviv
Iryna,Vasylchenko,johndoe@example.com,52,Odesa
Iryna,Zhyvotovskyi,jane.doe@example.com,56,Odesa
Zoryana,Mykytiuk,jane.doe@example.com,52,Lviv
Denys,Tyshchenko,natasha.romanoff@example.com,40,Lviv
Yana,Vasylchenko,elizabeth.olsen@example.com,38,Kyiv
Yuliya,Mykytiuk,thor.odinson@example.com,53,Kyiv
Daria,Mykytiuk,bucky.barnes@example.com,23,Kyiv
Zakhar,Shcherbak,karen.gillan@example.com,49,Odesa
Mykola,Fedorchuk,sarah.connor@example.com,29,Odesa
Yevhen,Oliynyk,mantis@example.com,50,Odesa
Marko,Kuznietsov,bucky.barnes@example.com,34,Lviv
Svitlana,Tyshchenko,dave.bautista@example.com,44,Kyiv
Uliana,Petrenko,thor.odinson@example.com,37,Kyiv
Taras,Lysenko,groot@example.com,60,Kyiv
Mariia,Yakovenko,scarlet.johansson@example.com,56,Odesa
Iryna,Oliynyk,vin.diesel@example.com,38,Kyiv
Kyrylo,Fedorchuk,chris.evans@example.com,32,Odesa
Serhii,Cherniak,vin.diesel@example.com,48,Lviv
Kateryna,Kryvda,sam.wilson@example.com,24,Kyiv
Larysa,Zelenko,clarke.griffin@example.com,26,Lviv
Daria,Oliynyk,peter.parker@example.com,20,Odesa
Iryna,Oliynyk,vision@example.com,29,Odesa
Olena,Kryvda,drax@example.com,39,Odesa
Zinoviy,Kovalenko,gamora.zoe@example.com,33,Odesa
Lesia,Zhyvotovskyi,clarke.griffin@example.com,23,Lviv
Maksymilian,Fedorchuk,karen.gillan@example.com,56,Kyiv
Zinoviy,Andrusiak,gamora.zoe@example.com,29,Odesa
Valeriy,Zhyvotovskyi,chadwick.boseman@example.com,31,Odesa
Olena,Boiko,karen.gillan@example.com,46,Lviv
Olena,Lysenko,robert.downey@example.com,34,Lviv
Valentyn,Pavliuk,valkyrie@example.com,48,Odesa
Roman,Shcherbak,tessa.thompson@example.com,41,Lviv
Larysa,Sokolov,valkyrie@example.com,41,Kyiv
Maksymilian,Yakovenko,sarah.connor@example.com,39,Odesa
Khrystyna,Fedorchuk,sarah.connor@example.com,51,Odesa
Andriy,Yakovenko,tom.hiddleston@example.com,57,Odesa
Volodymyr,Vasylchenko,johndoe@example.com,56,Odesa
Taras,Kryvda,vin.diesel@example.com,54,Kyiv
Yuliya,Petrenko,bobross@example.com,55,Lviv
Valentyn,Holovko,valkyrie@example.com,28,Lviv
Nadiya,Fedorchuk,mark.ruffalo@example.com,23,Kyiv
Zakhar,Havryliuk,chris.pratt@example.com,28,Odesa
Lesia,Kovalenko,chris.pratt@example.com,21,Kyiv
Yaroslav,Shcherbak,vision@example.com,52,Odesa
Valeriy,Boiko,tom.holland@example.com,39,Lviv
Uliana,Zhyvotovskyi,mantis@example.com,41,Odesa
Iryna,Tkachenko,robert.downey@example.com,48,Odesa
Valentyn,Tyshchenko,bellamy.blake@example.com,26,Odesa
Lesia,Boiko,scarlet.johansson@example.com,52,Kyiv
Pavlo,Pavliuk,natasha.romanoff@example.com,23,Lviv
Sofiia,Rudenko,philip.fry@example.com,26,Kyiv
Nadiya,Yakovenko,bellamy.blake@example.com,33,Odesa
Andriy,Horishny,nebula@example.com,32,Kyiv
Serhii,Danko,tessa.thompson@example.com,25,Kyiv
Nadiya,Mykytiuk,mantis@example.com,25,Kyiv
Stanislav,Shcherbak,clarke.griffin@example.com,60,Kyiv
Bohdanna,Oliynyk,alexsmith@example.com,54,Lviv
Khrystyna,Danko,sebastian.stan@example.com,45,Lviv
Vasyl,Ivanchenko,bruce.banner@example.com,19,Odesa
Larysa,Kovalenko,peter.parker@example.com,24,Odesa
Oleh,Tkachenko,tonystark@example.com,58,Lviv
Pavlo,Savchuk,john.connor@example.com,59,Odesa
Stanislav,Lysenko,sam.wilson@example.com,21,Odesa
Svitlana,Ivanchenko,wanda.maximoff@example.com,34,Lviv
Denys,Oliynyk,clarke.griffin@example.com,24,Lviv
Iryna,Savchuk,alexsmith@example.com,48,Odesa
Daria,Horishny,sarah.connor@example.com,27,Kyiv
Pavlo,Cherniak,bruce.banner@example.com,56,Kyiv
Petro,Ivanchenko,tchalla@example.com,43,Lviv
Roman,Horishny,philip.fry@example.com,28,Lviv
Nadiya,Tyshchenko,sarah.connor@example.com,60,Lviv
Volodymyr,Havryliuk,sam.wilson@example.com,22,Kyiv
Serhii,Tkachenko,nebula@example.com,35,Lviv
Yevhen,Vasylchenko,rocket.raccoon@example.com,45,Lviv
Stanislav,Protsyk,tchalla@example.com,56,Kyiv
Iryna,Tkachenko,steve.rogers@example.com,58,Lviv
Maksymilian,Shcherbak,valkyrie@example.com,45,Lviv
Kyrylo,Boiko,sebastian.stan@example.com,36,Lviv
Olena,Havryliuk,bellamy.blake@example.com,23,Kyiv
Bohdan,Zhyvotovskyi,wanda.maximoff@example.com,21,Kyiv
Marko,Tkachenko,tonystark@example.com,51,Odesa
Nadiya,Kovalenko,bucky.barnes@example.com,42,Kyiv
Ivan,Pavliuk,bruce.banner@example.com,52,Lviv
Taras,Vasylchenko,clarke.griffin@example.com,51,Kyiv
Sofiia,Vasylchenko,tessa.thompson@example.com,40,Odesa
Ihor,Andrusiak,clarke.griffin@example.com,35,Odesa
Tetiana,Kryvda,steve.rogers@example.com,53,Kyiv
Yaroslav,Andrusiak,sarah.connor@example.com,33,Odesa
Svitlana,Oliynyk,peter.quill@example.com,27,Lviv
Zakhar,Mykytiuk,mantis@example.com,43,Lviv
Olena,Petrenko,clint.barton@example.com,18,Lviv
Maksym,Tkachenko,jane.doe@example.com,25,Kyiv
Uliana,Boiko,steve.rogers@example.com,59,Odesa
Anastasia,Boiko,gamora.zoe@example.com,59,Lviv
Lesia,Protsyk,peter.quill@example.com,46,Lviv
Viktor,Boiko,thor.odinson@example.com,34,Kyiv
Bohdan,Sokolov,groot@example.com,34,Kyiv
Olena,Petrenko,tonystark@example.com,48,Kyiv
Khrystyna,Horishny,tessa.thompson@example.com,45,Odesa
Maksym,Protsyk,clint.barton@example.com,21,Odesa
Petro,Melnik,steve.rogers@example.com,45,Odesa
Svitlana,Yakovenko,bruce.banner@example.com,31,Kyiv
Nadiya,Kuznietsov,robert.downey@example.com,32,Lviv
Valeriy,Havryliuk,sebastian.stan@example.com,57,Odesa
Denys,Zhyvotovskyi,chadwick.boseman@example.com,33,Lviv
Nadiya,Holovko,chadwick.boseman@example.com,22,Lviv
Bohdanna,Cherniak,philip.fry@example.com,45,Odesa
Bohdanna,Shcherbak,tonystark@example.com,26,Lviv
Denys,Zhyvotovskyi,sarah.connor@example.com,51,Lviv
Yaroslav,Savchuk,rocket.raccoon@example.com,59,Kyiv
Veronika,Fedorchuk,mantis@example.com,56,Lviv
Stanislav,Protsyk,john.connor@example.com,57,Kyiv
Yevhen,Zelenko,john.connor@example.com,35,Lviv
Tetiana,Shcherbak,tom.holland@example.com,28,Odesa
Yaroslav,Havryliuk,thor.odinson@example.com,59,Odesa
Kateryna,Yakovenko,john.connor@example.com,34,Odesa
Andriy,Fedorchuk,chris.evans@example.com,25,Kyiv
Yuliya,Shcherbak,elizabeth.olsen@example.com,38,Kyiv
Tetiana,Dubovyi,gamora.zoe@example.com,44,Kyiv
Ivan,Oliynyk,wanda.maximoff@example.com,37,Kyiv
Tetiana,Oliynyk,bucky.barnes@example.com,51,Lviv
Andriy,Mykytiuk,elizabeth.olsen@example.com,58,Lviv
Oleh,Rudenko,chris.evans@example.com,29,Lviv
Denys,Horishny,bruce.banner@example.com,20,Odesa
Larysa,Fedorchuk,john.connor@example.com,20,Kyiv
Andriy,Oliynyk,vision@example.com,36,Lviv
Yana,Kuznietsov,sarah.connor@example.com,43,Lviv
Ihor,Danko,tonystark@example.com,26,Odesa
Roman,Cherniak,tonystark@example.com,47,Lviv
Liliya,Melnik,groot@example.com,40,Kyiv
Oleh,Danko,sebastian.stan@example.com,35,Kyiv
Andriy,Kovalenko,john.connor@example.com,48,Lviv
Veronika,Fedorchuk,philip.fry@example.com,20,Lviv
Nataliia,Yakovenko,mantis@example.com,59,Odesa
Iryna,Andrusiak,chris.pratt@example.com,52,Lviv
Liliya,Yakovenko,pom.klementieff@example.com,52,Kyiv
Zakhar,Vasylchenko,clarke.griffin@example.com,51,Lviv
Sofiia,Savchuk,bobross@example.com,19,Lviv
Kyrylo,Oliynyk,amy.wong@example.com,52,Kyiv
Oleh,Zelenko,chris.evans@example.com,37,Lviv
Liliya,Lysenko,bradley.cooper@example.com,24,Kyiv
Olena,Horishny,robert.downey@example.com,54,Odesa
Svitlana,Protsyk,pom.klementieff@example.com,24,Lviv
Petro,Zelenko,chris.evans@example.com,43,Odesa
Serhii,Kovalenko,jeremy.renner@example.com,54,Odesa
Bohdanna,Lysenko,vin.diesel@example.com,22,Kyiv
Taras,Zelenko,mantis@example.com,46,Odesa
Stanislav,Zhyvotovskyi,natasha.romanoff@example.com,32,Lviv
Kateryna,Shcherbak,jane.doe@example.com,23,Odesa
Larysa,Kovalenko,jane.doe@example.com,47,Odesa
Olena,Tkachenko,rocket.raccoon@example.com,36,Lviv
Yuliya,Tkachenko,robert.downey@example.com,43,Lviv
Anastasia,Bilous,mantis@example.com,55,Odesa
Svitlana,Zhyvotovskyi,valkyrie@example.com,47,Lviv
Denys,Dubovyi,loki@example.com,57,Odesa
Liliya,Mykytiuk,robert.downey@example.com,31,Odesa
Sofiia,Mykytiuk,robert.downey@example.com,55,Lviv
Valeriy,Zhyvotovskyi,alexsmith@example.com,20,Odesa
Andriy,Havryliuk,sam.wilson@example.com,38,Kyiv
Zakhar,Rudenko,sam.wilson@example.com,52,Lviv
Zinoviy,Mykytiuk,alexsmith@example.com,25,Lviv
Stanislav,Kuznietsov,karen.gillan@example.com,40,Lviv
Sofiia,Tkachenko,bruce.banner@example.com,42,Kyiv
Bohdanna,Andrusiak,tom.hiddleston@example.com,40,Kyiv
Zinoviy,Rudenko,elizabeth.olsen@example.com,32,Odesa
Yuliya,Cherniak,karen.gillan@example.com,47,Lviv
Valeriy,Yakovenko,nebula@example.com,30,Odesa
Roman,Rudenko,bucky.barnes@example.com,35,Lviv
Yana,Ivanchenko,bruce.banner@example.com,48,Kyiv
Yevhen,Andrusiak,natasha.romanoff@example.com,49,Kyiv
Maksym,Tyshchenko,clarke.griffin@example.com,20,Kyiv
Marko,Fedorchuk,karen.gillan@example.com,29,Odesa
Anastasia,Zhyvotovskyi,tchalla@example.com,37,Odesa
Oksana,Bilous,karen.gillan@example.com,38,Lviv
Zakhar,Dubovyi,mark.ruffalo@example.com,51,Odesa
Yevhen,Cherniak,philip.fry@example.com,60,Odesa
Mariia,Kovalenko,jane.doe@example.com,52,Kyiv
Serhii,Melnik,alexsmith@example.com,36,Odesa
Maksymilian,Melnik,chris.pratt@example.com,54,Odesa
Viktor,Fedorchuk,peter.parker@example.com,41,Lviv
Volodymyr,Kuznietsov,tonystark@example.com,60,Lviv
Yana,Kryvda,mantis@example.com,58,Kyiv
Valentyn,Rudenko,philip.fry@example.com,27,Lviv
Tetiana,Fedorchuk,mark.ruffalo@example.com,37,Kyiv
Valeriy,Vasylchenko,dave.bautista@example.com,46,Kyiv
Ihor,Mykytiuk,steve.rogers@example.com,19,Odesa
Larysa,Dubovyi,mantis@example.com,58,Lviv
Bohdan,Protsyk,karen.gillan@example.com,44,Odesa
Anastasia,Yakovenko,peter.quill@example.com,20,Kyiv
Nadiya,Yakovenko,tessa.thompson@example.com,50,Lviv
Daria,Kovalenko,mark.ruffalo@example.com,24,Kyiv
Nataliia,Danko,peter.quill@example.com,28,Odesa
Bohdan,Yakovenko,pom.klementieff@example.com,48,Lviv
Iryna,Fedorchuk,bellamy.blake@example.com,49,Kyiv
Iryna,Holovko,philip.fry@example.com,51,Odesa
Maksym,Tkachenko,sarah.connor@example.com,40,Kyiv
Maksym,Tkachenko,jane.doe@example.com,57,Odesa
Maksymilian,Cherniak,jane.doe@example.com,45,Kyiv
Zakhar,Kovalenko,vin.diesel@example.com,24,Odesa
Larysa,Yakovenko,tessa.thompson@example.com,43,Kyiv
Viktor,Cherniak,gamora.zoe@example.com,57,Kyiv
Olena,Kryvda,alexsmith@example.com,27,Kyiv
Bohdanna,Danko,sarah.connor@example.com,44,Odesa
Bohdan,Rudenko,chris.evans@example.com,54,Kyiv
Liliya,Protsyk,tom.hiddleston@example.com,35,Kyiv
Valentyn,Protsyk,vin.diesel@example.com,37,Kyiv
Daria,Rudenko,bradley.cooper@example.com,45,Kyiv
Bohdan,Kovalenko,nebula@example.com,34,Kyiv
Iryna,Sokolov,natasha.romanoff@example.com,41,Kyiv
Denys,Zelenko,amy.wong@example.com,25,Lviv
Nataliia,Vasylchenko,karen.gillan@example.com,27,Odesa
Petro,Boiko,bellamy.blake@example.com,57,Odesa
Taras,Sokolov,bradley.cooper@example.com,34,Odesa
Daria,Rudenko,bradley.cooper@example.com,47,Kyiv
Tetiana,Rudenko,chris.hemsworth@example.com,44,Odesa
Andriy,Kovalenko,rocket.raccoon@example.com,27,Odesa
Anastasia,Boiko,sarah.connor@example.com,53,Lviv
Viktor,Pavliuk,bucky.barnes@example.com,39,Kyiv
Andriy,Shcherbak,chadwick.boseman@example.com,26,Kyiv
Yana,Kuznietsov,gamora.zoe@example.com,52,Lviv
Lesia,Tyshchenko,tom.holland@example.com,40,Lviv
Tetiana,Tkachenko,nebula@example.com,27,Kyiv
Maksymilian,Zhyvotovskyi,chadwick.boseman@example.com,27,Odesa
Andriy,Protsyk,mantis@example.com,37,Lviv
Volodymyr,Mykytiuk,tessa.thompson@example.com,47,Odesa
Zoryana,Vasylchenko,philip.fry@example.com,29,Odesa
Volodymyr,Yakovenko,elizabeth.olsen@example.com,48,Odesa
Ivan,Zelenko,johndoe@example.com,54,Kyiv
Volodymyr,Oliynyk,bucky.barnes@example.com,60,Lviv
Valeriy,Savchuk,chadwick.boseman@example.com,39,Odesa
Vasyl,Melnik,rocket.raccoon@example.com,28,Kyiv
Zoryana,Havryliuk,clint.barton@example.com,40,Lviv
Mariia,Savchuk,clarke.griffin@example.com,30,Kyiv
Tetiana,Tkachenko,karen.gillan@example.com,48,Lviv
Valeriy,Protsyk,wanda.maximoff@example.com,59,Odesa
Bohdan,Yakovenko,jane.doe@example.com,40,Lviv
Marko,Savchuk,steve.rogers@example.com,36,Lviv
Veronika,Fedorchuk,johndoe@example.com,55,Lviv
Bohdanna,Andrusiak,tom.holland@example.com,35,Kyiv
Oleh,Ivanchenko,bobross@example.com,44,Kyiv
Larysa,Kuznietsov,wanda.maximoff@example.com,59,Lviv
Vasyl,Lysenko,clint.barton@example.com,27,Odesa
Sofiia,Horishny,tom.hiddleston@example.com,19,Lviv
Svitlana,Rudenko,scarlet.johansson@example.com,28,Odesa
Mariia,Cherniak,gamora.zoe@example.com,23,Odesa
Daria,Ivanchenko,bradley.cooper@example.com,22,Odesa
Serhii,Ivanchenko,scarlet.johansson@example.com,60,Odesa
Lesia,Zelenko,alexsmith@example.com,59,Lviv
Oleh,Savchuk,alexsmith@example.com,56,Odesa
Viktor,Havryliuk,bobross@example.com,57,Lviv
Yuliya,Andrusiak,tom.holland@example.com,31,Odesa
Lesia,Savchuk,drax@example.com,51,Kyiv
Oleh,Horishny,mark.ruffalo@example.com,28,Kyiv
Tetiana,Melnik,chadwick.boseman@example.com,33,Odesa
Oksana,Ivanchenko,chris.pratt@example.com,26,Odesa
Olena,Pavliuk,loki@example.com,49,Lviv
Daria,Melnik,alexsmith@example.com,21,Odesa
Oleh,Fedorchuk,clint.barton@example.com,29,Kyiv
Khrystyna,Cherniak,peter.parker@example.com,54,Kyiv
Lesia,Zelenko,tessa.thompson@example.com,40,Lviv
Ivan,Kryvda,bobross@example.com,36,Lviv
Khrystyna,Zelenko,steve.rogers@example.com,43,Lviv
Stanislav,Sokolov,jane.doe@example.com,57,Odesa
Lesia,Lysenko,jane.doe@example.com,45,Kyiv
Sofiia,Mykytiuk,karen.gillan@example.com,58,Lviv
Nadiya,Rudenko,amy.wong@example.com,33,Odesa
Mykola,Danko,gamora.zoe@example.com,19,Odesa
Serhii,Shcherbak,groot@example.com,28,Kyiv
Anastasia,Zelenko,chris.pratt@example.com,57,Lviv
Larysa,Petrenko,sebastian.stan@example.com,55,Kyiv
Svitlana,Tyshchenko,groot@example.com,33,Lviv
Olena,Danko,bobross@example.com,59,Kyiv
Serhii,Melnik,gamora.zoe@example.com,39,Kyiv
Taras,Dubovyi,robert.downey@example.com,51,Lviv
Nadiya,Horishny,wanda.maximoff@example.com,36,Kyiv
Pavlo,Savchuk,drax@example.com,47,Odesa
Pavlo,Lysenko,pom.klementieff@example.com,21,Odesa
Svitlana,Tkachenko,mark.ruffalo@example.com,29,Lviv
Marko,Ivanchenko,mantis@example.com,55,Kyiv
Kateryna,Zhyvotovskyi,scarlet.johansson@example.com,29,Lviv
Zinoviy,Boiko,bobross@example.com,20,Lviv
Yaroslav,Zhyvotovskyi,jeremy.renner@example.com,36,Kyiv
Daria,Shcherbak,clint.barton@example.com,29,Odesa
Yuliya,Horishny,vin.diesel@example.com,57,Lviv
Veronika,Tyshchenko,bradley.cooper@example.com,45,Lviv
Zinoviy,Tyshchenko,clarke.griffin@example.com,45,Odesa
Bohdan,Mykytiuk,peter.parker@example.com,21,Kyiv
Vasyl,Havryliuk,mark.ruffalo@example.com,23,Odesa
Larysa,Savchuk,tom.hiddleston@example.com,33,Lviv
Taras,Pavliuk,tessa.thompson@example.com,23,Odesa
Serhii,Kovalenko,sarah.connor@example.com,31,Odesa
Kyrylo,Andrusiak,mark.ruffalo@example.com,50,Odesa
Uliana,Tyshchenko,sam.wilson@example.com,47,Lviv
Oleh,Lysenko,wanda.maximoff@example.com,50,Kyiv
Roksolana,Zelenko,chris.hemsworth@example.com,37,Odesa
Bohdan,Oliynyk,sarah.connor@example.com,27,Odesa
Roman,Zhyvotovskyi,tom.hiddleston@example.com,19,Kyiv
Denys,Boiko,tonystark@example.com,48,Odesa
Yaroslav,Tyshchenko,tessa.thompson@example.com,35,Lviv
Pavlo,Lysenko,bradley.cooper@example.com,47,Kyiv
Maksym,Yakovenko,rocket.raccoon@example.com,31,Lviv
Denys,Fedorchuk,loki@example.com,48,Odesa
Roksolana,Yakovenko,gamora.zoe@example.com,32,Lviv
Stanislav,Petrenko,bobross@example.com,36,Lviv
Petro,Pavliuk,tom.hiddleston@example.com,43,Kyiv
Marko,Tkachenko,chris.hemsworth@example.com,55,Kyiv
Oksana,Boiko,elizabeth.olsen@example.com,47,Kyiv
Roksolana,Pavliuk,wanda.maximoff@example.com,18,Lviv
Lesia,Zelenko,chris.hemsworth@example.com,32,Odesa
Tetiana,Dubovyi,vin.diesel@example.com,19,Kyiv
Zakhar,Horishny,chadwick.boseman@example.com,18,Lviv
Mariia,Sokolov,clint.barton@example.com,48,Odesa
Kyrylo,Oliynyk,clint.barton@example.com,54,Lviv
Liliya,Boiko,mark.ruffalo@example.com,57,Odesa
Kyrylo,Kovalenko,rocket.raccoon@example.com,46,Kyiv
Larysa,Vasylchenko,john.connor@example.com,41,Lviv
Olena,Andrusiak,bobross@example.com,30,Odesa
Serhii,Rudenko,jeremy.renner@example.com,25,Lviv
Liliya,Mykytiuk,philip.fry@example.com,30,Kyiv
Veronika,Oliynyk,vin.diesel@example.com,53,Odesa
Khrystyna,Kryvda,wanda.maximoff@example.com,49,Lviv
Denys,Dubovyi,dave.bautista@example.com,18,Kyiv
Veronika,Petrenko,mantis@example.com,24,Lviv
Liliya,Holovko,karen.gillan@example.com,28,Odesa
Pavlo,Tyshchenko,chris.pratt@example.com,31,Kyiv
Daria,Kuznietsov,mark.ruffalo@example.com,30,Odesa
Maksymilian,Bilous,chris.hemsworth@example.com,60,Odesa
Stanislav,Holovko,peter.parker@example.com,49,Kyiv
Andriy,Yakovenko,robert.downey@example.com,46,Odesa
Nadiya,Sokolov,bradley.cooper@example.com,28,Kyiv
Ivan,Shcherbak,loki@example.com,36,Kyiv
Petro,Kuznietsov,nebula@example.com,40,Lviv
Viktor,Bilous,jane.doe@example.com,44,Odesa
Yuliya,Lysenko,amy.wong@example.com,39,Lviv
Taras,Tkachenko,peter.quill@example.com,57,Lviv
Anastasia,Zhyvotovskyi,groot@example.com,37,Lviv
Zinoviy,Bilous,scarlet.johansson@example.com,60,Lviv
Lesia,Kuznietsov,chris.pratt@example.com,35,Kyiv
Yuliya,Protsyk,tchalla@example.com,46,Kyiv
Svitlana,Danko,bruce.banner@example.com,45,Odesa
Svitlana,Pavliuk,thor.odinson@example.com,34,Odesa
Olena,Melnik,bradley.cooper@example.com,55,Lviv
Larysa,Kovalenko,tchalla@example.com,54,Odesa
Mariia,Ivanchenko,sam.wilson@example.com,55,Lviv
Lesia,Cherniak,tessa.thompson@example.com,45,Kyiv
Yaroslav,Holovko,rocket.raccoon@example.com,33,Odesa
Maksym,Bilous,drax@example.com,51,Kyiv
Yevhen,Horishny,vin.diesel@example.com,45,Lviv
Svitlana,Holovko,groot@example.com,22,Kyiv
Petro,Yakovenko,pom.klementieff@example.com,43,Kyiv
Ihor,Rudenko,drax@example.com,60,Lviv
Zinoviy,Vasylchenko,vision@example.com,53,Kyiv
Larysa,Zelenko,amy.wong@example.com,49,Kyiv
Yevhen,Tyshchenko,sarah.connor@example.com,57,Kyiv
Bohdan,Mykytiuk,vin.diesel@example.com,55,Odesa
Ivan,Savchuk,tchalla@example.com,30,Odesa
Kateryna,Lysenko,valkyrie@example.com,43,Lviv
Marko,Havryliuk,gamora@example.com,49,Kyiv
Bohdanna,Yakovenko,gamora.zoe@example.com,41,Lviv
Svitlana,Bilous,scarlet.johansson@example.com,29,Odesa
Roksolana,Melnik,rocket.raccoon@example.com,24,Kyiv
Mariia,Tkachenko,tessa.thompson@example.com,37,Lviv
Andriy,Savchuk,dave.bautista@example.com,37,1565
Maksymilian,Bilous,tom.hiddleston@example.com,44,1501
Liliya,Horishny,peter.quill@example.com,53,4080
Yevhen,Protsyk,gamora@example.com,37,2089
Veronika,Petrenko,bruce.banner@example.com,56,2783
